{
    "inputUnits": [
        34
    ],
    "outputUnits": 4,
    "inputs": {
        "0": {
            "dtype": "number",
            "min": 217.45432580423633,
            "max": 357.94946250395003
        },
        "1": {
            "dtype": "number",
            "min": 151.95826658728527,
            "max": 252.13216205321788
        },
        "2": {
            "dtype": "number",
            "min": 229.16533531501278,
            "max": 369.0532554938779
        },
        "3": {
            "dtype": "number",
            "min": 139.92753956517745,
            "max": 241.3708238806176
        },
        "4": {
            "dtype": "number",
            "min": 209.67199016965154,
            "max": 349.44521898414655
        },
        "5": {
            "dtype": "number",
            "min": 141.05210406506038,
            "max": 238.99279309992204
        },
        "6": {
            "dtype": "number",
            "min": 236.34650336371527,
            "max": 387.6405515912448
        },
        "7": {
            "dtype": "number",
            "min": 153.4990544904742,
            "max": 253.62058583755936
        },
        "8": {
            "dtype": "number",
            "min": 185.1095057556271,
            "max": 338.0627279300206
        },
        "9": {
            "dtype": "number",
            "min": 154.90068937602794,
            "max": 246.402294612535
        },
        "10": {
            "dtype": "number",
            "min": 221.46296391477824,
            "max": 405.50145080447425
        },
        "11": {
            "dtype": "number",
            "min": 219.9232155723646,
            "max": 310.4421324850755
        },
        "12": {
            "dtype": "number",
            "min": 150.22938272874023,
            "max": 322.0546218247441
        },
        "13": {
            "dtype": "number",
            "min": 204.4765384666636,
            "max": 311.8985895524945
        },
        "14": {
            "dtype": "number",
            "min": 253.16581800434787,
            "max": 476.4648651658443
        },
        "15": {
            "dtype": "number",
            "min": 179.81950726425436,
            "max": 385.8587610791301
        },
        "16": {
            "dtype": "number",
            "min": 109.69144348977369,
            "max": 285.193802682977
        },
        "17": {
            "dtype": "number",
            "min": 184.50137132789655,
            "max": 375.30327928926044
        },
        "18": {
            "dtype": "number",
            "min": 284.3567525108887,
            "max": 472.8713126675195
        },
        "19": {
            "dtype": "number",
            "min": 109.26371137533502,
            "max": 442.3723529421562
        },
        "20": {
            "dtype": "number",
            "min": 119.56748690986261,
            "max": 304.671281662136
        },
        "21": {
            "dtype": "number",
            "min": 103.25077525356357,
            "max": 426.57577841834944
        },
        "22": {
            "dtype": "number",
            "min": 165.05396673786245,
            "max": 394.54153555410875
        },
        "23": {
            "dtype": "number",
            "min": 417.5701200845878,
            "max": 478.2043968631974
        },
        "24": {
            "dtype": "number",
            "min": 107.37340499550743,
            "max": 331.58195748431405
        },
        "25": {
            "dtype": "number",
            "min": 376.7197398879142,
            "max": 478.35773430837287
        },
        "26": {
            "dtype": "number",
            "min": 162.9454296327706,
            "max": 420.25973373918737
        },
        "27": {
            "dtype": "number",
            "min": 494.0066257647835,
            "max": 562.2857671964471
        },
        "28": {
            "dtype": "number",
            "min": 120.66368050974944,
            "max": 338.7375699242188
        },
        "29": {
            "dtype": "number",
            "min": 424.6013928389224,
            "max": 568.3500644616913
        },
        "30": {
            "dtype": "number",
            "min": 156.06064794588738,
            "max": 432.1935684174357
        },
        "31": {
            "dtype": "number",
            "min": 549.9789613125151,
            "max": 560.3304551033481
        },
        "32": {
            "dtype": "number",
            "min": 117.86041408486766,
            "max": 339.7233041685227
        },
        "33": {
            "dtype": "number",
            "min": 480.8610497487683,
            "max": 559.9039997599045
        }
    },
    "outputs": {
        "0": {
            "dtype": "string",
            "min": 0,
            "max": 1,
            "uniqueValues": [
                "y",
                "m",
                "c",
                "a"
            ],
            "legend": {
                "y": [
                    1,
                    0,
                    0,
                    0
                ],
                "m": [
                    0,
                    1,
                    0,
                    0
                ],
                "c": [
                    0,
                    0,
                    1,
                    0
                ],
                "a": [
                    0,
                    0,
                    0,
                    1
                ]
            }
        }
    },
    "isNormalized": true
}